{"cameraMode":{"drawMode":0,"name":"Shaded","section":"Shading Mode"},"sceneLighting":false,"audioPlay":false,"sceneViewState":{"m_AlwaysRefresh":false,"showFog":true,"showSkybox":true,"showFlares":true,"showImageEffects":true,"showParticleSystems":true,"showVisualEffectGraphs":true,"m_FxEnabled":true},"in2DMode":false,"pivot":{"x":6.4715657234191898,"y":-14.673683166503907,"z":17.987241744995118},"rotation":{"x":-0.45636969804763796,"y":-0.017638443037867547,"z":0.009072273038327694,"w":-0.8896010518074036},"size":24.803035736083986,"orthographic":false}